City_ID,City,Country,Date,Lat,Lng,Max Temp,Humidity,Cloudiness,Wind Speed
0,Punta Arenas,CL,2022-01-27 03:39:08,-53.15,-70.9167,50.11,76,40,25.32
1,Kapaa,US,2022-01-27 03:39:08,22.0752,-159.319,76.98,74,20,1.01
2,Saskylakh,RU,2022-01-27 03:35:24,71.9167,114.0833,-14.46,93,46,5.44
3,Albany,US,2022-01-27 03:37:26,42.6001,-73.9662,8.47,65,4,2.28
4,Hansot,IN,2022-01-27 03:39:09,21.5833,72.8,64.33,35,0,12.93
5,Kahului,US,2022-01-27 03:39:09,20.8947,-156.47,80.62,66,40,12.66
6,Bam,IR,2022-01-27 03:39:10,29.106,58.357,53.78,31,0,2.15
7,Cidreira,BR,2022-01-27 03:39:10,-30.1811,-50.2056,74.44,95,100,6.2
8,San Vicente,AR,2022-01-27 03:39:11,-26.6167,-54.1333,69.91,97,87,2.51
9,Alyangula,AU,2022-01-27 03:39:11,-13.8483,136.4192,91.27,62,100,11.5
10,Carnarvon,AU,2022-01-27 03:39:11,-24.8667,113.6333,82.47,65,75,13.8
11,Nanortalik,GL,2022-01-27 03:39:12,60.1432,-45.2371,25.9,95,98,20.18
12,Avarua,CK,2022-01-27 03:39:12,-21.2078,-159.775,82.45,83,40,12.66
13,Kodiak,US,2022-01-27 03:39:13,57.79,-152.4072,35.11,87,100,18.41
14,Wakkanai,JP,2022-01-27 03:39:13,45.4094,141.6739,22.98,74,75,12.66
15,Spencer,US,2022-01-27 03:39:14,43.1414,-95.1444,33.91,68,100,16.11
16,Ostrovnoy,RU,2022-01-27 03:35:54,68.0531,39.5131,13.89,95,86,20.62
17,Yemtsa,RU,2022-01-27 03:39:14,63.0734,40.3329,10.87,94,100,6.33
18,Kem,RU,2022-01-27 03:39:14,64.9555,34.5793,20.5,94,100,9.06
19,Thompson,CA,2022-01-27 03:39:15,55.7435,-97.8558,-7.44,71,0,13.8
20,Vaini,TO,2022-01-27 03:39:15,-21.2,-175.2,86.16,84,20,9.22
21,Taldan,RU,2022-01-27 03:39:16,53.6667,124.8,5.52,58,59,9.64
22,Westerland,DE,2022-01-27 03:39:16,54.9079,8.3033,43.95,93,100,36.44
23,Faanui,PF,2022-01-27 03:39:17,-16.4833,-151.75,80.94,77,26,18.61
24,Chimbote,PE,2022-01-27 03:38:52,-9.0853,-78.5783,70.93,80,60,5.97
25,Port Hardy,CA,2022-01-27 03:39:17,50.6996,-127.4199,40.75,93,40,5.75
26,Ushuaia,AR,2022-01-27 03:39:18,-54.8,-68.3,49.66,76,75,23.02
27,Pierre,US,2022-01-27 03:39:18,44.3683,-100.351,40.12,52,100,18.41
28,Tromso,NO,2022-01-27 03:39:18,69.6496,18.957,26.62,86,75,4.61
29,Tuktoyaktuk,CA,2022-01-27 03:39:19,69.4541,-133.0374,-7.6,77,0,17.27
30,Bambous Virieux,MU,2022-01-27 03:39:19,-20.3428,57.7575,80.22,88,40,4.61
31,Iqaluit,CA,2022-01-27 03:35:32,63.7506,-68.5145,-24.07,76,0,0.0
32,Clemencia,CO,2022-01-27 03:39:20,10.5665,-75.325,78.39,83,11,15.97
33,Rikitea,PF,2022-01-27 03:38:41,-23.1203,-134.9692,78.22,79,4,18.07
34,Mataura,NZ,2022-01-27 03:39:20,-46.1927,168.8643,57.47,41,44,7.96
35,Avera,US,2022-01-27 03:39:21,33.194,-82.5271,44.47,69,17,10.4
36,Atraulia,IN,2022-01-27 03:39:21,26.3333,82.95,56.73,61,0,8.19
37,Chuy,UY,2022-01-27 03:39:22,-33.6971,-53.4616,69.87,86,92,18.19
38,Yellowknife,CA,2022-01-27 03:37:57,62.456,-114.3525,4.41,89,100,5.75
39,Ahuimanu,US,2022-01-27 03:39:22,21.4447,-157.8378,78.51,66,20,4.0
40,Hilo,US,2022-01-27 03:34:32,19.7297,-155.09,74.25,85,0,3.0
41,Georgetown,MY,2022-01-27 03:37:00,5.4112,100.3354,85.93,76,20,1.01
42,Lorengau,PG,2022-01-27 03:39:23,-2.0226,147.2712,83.3,77,97,5.68
43,Saint-Augustin,CA,2022-01-27 03:39:24,51.226,-58.6502,-17.03,84,1,8.52
44,Hermanus,ZA,2022-01-27 03:39:24,-34.4187,19.2345,63.81,85,22,9.17
45,Coahuayana,MX,2022-01-27 03:39:24,18.7333,-103.6833,78.28,77,100,2.98
46,Tasiilaq,GL,2022-01-27 03:39:25,65.6145,-37.6368,19.56,81,100,5.97
47,Kailua,US,2022-01-27 03:35:39,21.4022,-157.7394,78.78,70,20,8.05
48,Cape Town,ZA,2022-01-27 03:34:59,-33.9258,18.4232,65.26,81,0,1.99
49,Hobart,AU,2022-01-27 03:39:26,-42.8794,147.3294,81.01,59,75,7.0
50,Roebourne,AU,2022-01-27 03:39:26,-20.7833,117.1333,94.35,35,1,16.8
51,Pangnirtung,CA,2022-01-27 03:39:27,66.1451,-65.7125,-24.43,94,100,5.32
52,Hasaki,JP,2022-01-27 03:39:27,35.7333,140.8333,54.28,51,94,10.31
53,Busselton,AU,2022-01-27 03:36:54,-33.65,115.3333,78.55,34,0,4.74
54,Karema,TZ,2022-01-27 03:39:28,-6.8205,30.4389,70.97,87,100,3.47
55,Solenzo,BF,2022-01-27 03:39:28,12.1833,-4.0833,67.91,13,2,5.44
56,Sakakah,SA,2022-01-27 03:37:36,29.9697,40.2064,42.37,63,6,18.68
57,Castro,BR,2022-01-27 03:35:58,-24.7911,-50.0119,66.51,90,97,3.13
58,Hegang,CN,2022-01-27 03:39:29,47.4,130.3667,14.47,65,8,5.53
59,Skelleftea,SE,2022-01-27 03:39:29,64.7507,20.9528,25.16,93,100,2.3
60,Reconquista,AR,2022-01-27 03:39:30,-29.15,-59.65,75.58,90,83,10.94
61,Lisakovsk,KZ,2022-01-27 03:39:30,52.5369,62.4936,16.56,95,100,8.08
62,Amuntai,ID,2022-01-27 03:35:58,-2.4177,115.2494,88.39,62,97,3.22
63,Mayumba,GA,2022-01-27 03:39:31,-3.432,10.6554,75.97,89,82,4.14
64,Marinette,US,2022-01-27 03:39:31,45.1,-87.6307,9.09,66,0,10.36
65,Bonoua,CI,2022-01-27 03:39:32,5.2741,-3.595,76.62,90,0,1.14
66,La Cruz,MX,2022-01-27 03:39:32,23.9167,-106.9,62.46,68,53,3.0
67,Weihai,CN,2022-01-27 03:39:33,37.5017,122.1136,32.38,51,54,17.22
68,Barrow,US,2022-01-27 03:39:29,71.2906,-156.7887,-11.18,70,0,17.27
69,Luang Prabang,LA,2022-01-27 03:39:33,19.8856,102.1347,66.16,77,0,2.3
70,Heihe,CN,2022-01-27 03:39:34,50.2441,127.4902,8.4,67,2,9.75
71,Lavrentiya,RU,2022-01-27 03:39:34,65.5833,-171.0,-18.13,85,29,4.05
72,Boyolangu,ID,2022-01-27 03:39:34,-8.1181,111.8935,84.79,69,95,4.12
73,Puerto Ayora,EC,2022-01-27 03:39:35,-0.7393,-90.3518,73.11,91,98,6.15
74,Atuona,PF,2022-01-27 03:39:35,-9.8,-139.0333,78.91,77,14,19.39
75,Geraldton,AU,2022-01-27 03:39:36,-28.7667,114.6,86.41,45,0,21.85
76,New Norfolk,AU,2022-01-27 03:38:47,-42.7826,147.0587,80.65,46,86,1.99
77,Jinka,ET,2022-01-27 03:39:36,5.65,36.65,61.84,39,74,2.35
78,Arak,IR,2022-01-27 03:39:37,34.0917,49.6892,35.28,90,57,2.01
79,Hamilton,US,2022-01-27 03:36:03,39.1834,-84.5333,18.36,68,0,0.0
80,Hithadhoo,MV,2022-01-27 03:39:26,-0.6,73.0833,81.93,74,91,21.3
81,Buraydah,SA,2022-01-27 03:39:02,26.326,43.975,50.45,35,0,14.38
82,Nikolskoye,RU,2022-01-27 03:39:37,59.7035,30.7861,25.88,93,100,9.98
83,Khatanga,RU,2022-01-27 03:39:38,71.9667,102.5,2.01,85,100,13.76
84,Bubaque,GW,2022-01-27 03:39:38,11.2833,-15.8333,78.37,62,81,6.8
85,Torbay,CA,2022-01-27 03:39:39,47.6666,-52.7314,28.76,96,100,14.97
86,Mount Gambier,AU,2022-01-27 03:37:38,-37.8333,140.7667,91.31,43,40,13.8
87,Sitka,US,2022-01-27 03:35:50,57.0531,-135.33,35.49,93,75,0.0
88,Nyimba,ZM,2022-01-27 03:39:39,-14.5566,30.8149,66.49,97,94,2.04
89,Bembereke,BJ,2022-01-27 03:39:40,10.2283,2.6634,65.53,21,0,6.4
90,Esperance,AU,2022-01-27 03:39:22,-33.8667,121.9,67.59,76,99,11.16
91,Itigi,TZ,2022-01-27 03:39:41,-5.7,34.4833,63.23,95,93,5.64
92,Methoni,GR,2022-01-27 03:39:41,36.8197,21.7049,40.21,45,4,4.29
93,Aklavik,CA,2022-01-27 03:39:42,68.2191,-135.0107,-3.28,97,100,3.85
94,Sibolga,ID,2022-01-27 03:35:57,1.7427,98.7792,84.76,60,72,3.87
95,Mar Del Plata,AR,2022-01-27 03:39:42,-38.0023,-57.5575,64.09,69,75,8.01
96,Praia Da Vitoria,PT,2022-01-27 03:39:43,38.7333,-27.0667,57.45,94,75,11.21
97,Faya,SA,2022-01-27 03:36:52,18.3851,42.4509,53.71,58,32,5.57
98,Portland,US,2022-01-27 03:39:14,45.5234,-122.6762,41.77,74,20,1.01
99,Saint-Philippe,RE,2022-01-27 03:39:43,-21.3585,55.7679,73.11,61,17,7.27
100,Port Alfred,ZA,2022-01-27 03:36:47,-33.5906,26.891,72.39,92,80,4.09
101,Tyukhtet,RU,2022-01-27 03:39:44,56.5389,89.3011,6.1,95,91,4.43
102,Yabelo,ET,2022-01-27 03:39:45,4.8833,38.0833,55.56,36,48,7.25
103,Mahebourg,MU,2022-01-27 03:39:45,-20.4081,57.7,80.26,88,40,4.61
104,Matadi,CD,2022-01-27 03:39:46,-5.8167,13.45,73.44,90,65,1.99
105,Jinxiang,CN,2022-01-27 03:39:46,27.4327,120.6062,57.81,86,78,12.82
106,Turbat,PK,2022-01-27 03:39:47,26.0023,63.044,60.91,19,0,7.05
107,Fortuna,US,2022-01-27 03:39:47,40.5982,-124.1573,45.93,94,100,1.01
108,Ruzhyn,UA,2022-01-27 03:39:48,49.7228,29.2046,22.5,97,97,6.35
109,Astana,KZ,2022-01-27 03:39:49,51.1801,71.446,-7.65,77,75,6.71
110,Talnakh,RU,2022-01-27 03:35:49,69.4865,88.3972,1.2,96,100,15.05
111,Antofagasta,CL,2022-01-27 03:39:50,-23.65,-70.4,63.68,82,17,3.09
112,Victoria,HK,2022-01-27 03:39:50,22.2855,114.1577,72.18,89,41,1.01
113,Dwarka,IN,2022-01-27 03:39:50,22.2394,68.9678,67.19,41,1,9.91
114,Gravdal,NO,2022-01-27 03:39:51,68.1214,13.5031,37.22,74,96,7.92
115,Guilin,CN,2022-01-27 03:39:51,25.2819,110.2864,44.71,85,100,8.95
116,Leningradskiy,RU,2022-01-27 03:35:52,69.3833,178.4167,-25.1,90,9,3.65
117,Dzaoudzi,YT,2022-01-27 03:39:52,-12.7887,45.2699,82.29,78,100,11.5
118,The Valley,AI,2022-01-27 03:39:53,18.217,-63.0578,76.86,73,65,17.43
119,Ribeira Grande,PT,2022-01-27 03:39:53,38.5167,-28.7,59.74,81,30,12.73
120,Alexandria,EG,2022-01-27 03:36:28,31.2156,29.9553,51.76,66,40,12.66
121,Tres Arroyos,AR,2022-01-27 03:38:13,-38.3739,-60.2798,54.16,71,1,5.35
122,Sharjah,AE,2022-01-27 03:39:54,25.3573,55.4033,67.24,72,0,5.75
123,Mount Isa,AU,2022-01-27 03:39:54,-20.7333,139.5,83.97,84,75,14.97
124,Bluff,NZ,2022-01-27 03:39:55,-46.6,168.3333,57.79,60,65,11.88
125,Tete,MZ,2022-01-27 03:39:55,-16.1564,33.5867,73.49,100,75,3.44
126,Pogar,RU,2022-01-27 03:39:55,52.554,33.2591,6.33,99,100,4.07
127,Bethel,US,2022-01-27 03:39:56,41.3712,-73.414,20.55,63,0,0.0
128,Goderich,CA,2022-01-27 03:39:56,43.7501,-81.7165,10.72,72,96,11.5
129,Acarau,BR,2022-01-27 03:39:57,-2.8856,-40.12,77.02,86,100,10.25
130,Souillac,MU,2022-01-27 03:34:58,-20.5167,57.5167,80.37,88,40,4.61
131,Farmington,US,2022-01-27 03:39:57,36.7281,-108.2187,34.48,53,0,3.44
132,Cabo San Lucas,MX,2022-01-27 03:37:01,22.8909,-109.9124,71.15,66,0,3.44
133,Ponta Do Sol,PT,2022-01-27 03:39:58,32.6667,-17.1,59.0,78,56,6.33
134,Kushmurun,KZ,2022-01-27 03:39:58,52.4503,64.6311,8.83,93,100,10.4
135,Lethem,GY,2022-01-27 03:39:59,3.3803,-59.7968,79.68,64,84,10.94
136,Cayenne,GF,2022-01-27 03:39:59,4.9333,-52.3333,73.44,100,75,4.61
137,Muskegon,US,2022-01-27 03:40:00,43.3,-86.1334,22.89,71,100,20.71
138,Nebbi,UG,2022-01-27 03:40:01,2.4783,31.0889,70.39,40,95,5.19
139,Wasilla,US,2022-01-27 03:40:01,61.5814,-149.4394,24.4,88,100,4.61
140,Kaitangata,NZ,2022-01-27 03:40:02,-46.2817,169.8464,59.94,53,59,13.4
141,Upernavik,GL,2022-01-27 03:40:02,72.7868,-56.1549,2.19,86,100,0.76
142,Bagdarin,RU,2022-01-27 03:40:03,54.4333,113.6,-0.2,79,23,1.36
143,Birakan,RU,2022-01-27 03:40:03,49.0167,131.7,7.59,71,29,7.29
144,Qaanaaq,GL,2022-01-27 03:40:04,77.484,-69.3632,-8.34,59,73,9.33
145,Lebu,CL,2022-01-27 03:40:04,-37.6167,-73.65,57.49,92,3,9.37
146,Meridian,US,2022-01-27 03:40:04,43.6121,-116.3915,30.52,86,100,5.75
147,Komatipoort,ZA,2022-01-27 03:40:05,-25.4332,31.9548,72.37,96,94,2.68
148,East London,ZA,2022-01-27 03:35:19,-33.0153,27.9116,74.34,100,40,1.14
149,Takoradi,GH,2022-01-27 03:36:27,4.8845,-1.7554,77.41,88,1,4.23
150,Svetlyy,RU,2022-01-27 03:40:06,54.675,20.1347,41.05,93,100,18.54
151,Noumea,NC,2022-01-27 03:40:06,-22.2763,166.4572,85.98,99,88,16.55
152,Villarrica,PY,2022-01-27 03:40:07,-25.75,-56.4333,78.67,76,79,2.24
153,Turukhansk,RU,2022-01-27 03:40:07,65.8167,87.9833,-6.2,93,100,15.3
154,Butaritari,KI,2022-01-27 03:40:07,3.0707,172.7902,82.15,77,16,13.31
155,Alofi,NU,2022-01-27 03:40:08,-19.0595,-169.9187,84.09,74,21,9.22
156,Bredasdorp,ZA,2022-01-27 03:40:08,-34.5322,20.0403,63.28,92,25,3.51
157,Clinton,US,2022-01-27 03:40:09,42.587,-82.9199,12.22,72,0,1.01
158,Mnogovershinnyy,RU,2022-01-27 03:40:09,53.9353,139.9242,-1.01,75,27,3.74
159,Sept-Iles,CA,2022-01-27 03:38:44,50.2001,-66.3821,-12.57,62,0,3.44
160,Hofn,IS,2022-01-27 03:40:10,64.2539,-15.2082,30.94,52,100,6.33
161,Vila Velha,BR,2022-01-27 03:36:48,-20.3297,-40.2925,74.95,84,0,2.3
162,Sri Aman,MY,2022-01-27 03:40:10,1.2376,111.4621,82.45,83,40,0.0
163,Bengkulu,ID,2022-01-27 03:40:11,-3.8004,102.2655,82.04,75,100,2.84
164,Lagoa,PT,2022-01-27 03:39:26,39.05,-27.9833,58.8,80,38,11.05
165,San Patricio,US,2022-01-27 03:38:47,28.017,-97.5169,55.38,77,88,9.89
166,Kandrian,PG,2022-01-27 03:40:12,-6.2167,149.55,89.37,61,100,8.25
167,Namibe,AO,2022-01-27 03:40:12,-15.1961,12.1522,75.6,83,100,3.2
168,Port Lincoln,AU,2022-01-27 03:40:13,-34.7333,135.8667,77.54,62,5,8.12
169,Marsh Harbour,BS,2022-01-27 03:40:13,26.5412,-77.0636,73.54,78,34,10.98
170,Labuhan,ID,2022-01-27 03:40:14,-6.8844,112.2051,84.69,72,100,12.64
171,Norman Wells,CA,2022-01-27 03:40:14,65.282,-126.8329,8.64,85,75,2.3
172,Kautokeino,NO,2022-01-27 03:40:14,69.0125,23.0412,3.36,98,100,1.7
173,Vanimo,PG,2022-01-27 03:37:04,-2.6741,141.3028,82.85,80,89,1.77
174,Vestmannaeyjar,IS,2022-01-27 03:40:15,63.4427,-20.2734,37.0,63,74,0.65
175,Pevek,RU,2022-01-27 03:40:16,69.7008,170.3133,-31.86,98,31,1.92
176,Jacareacanga,BR,2022-01-27 03:40:16,-6.2222,-57.7528,73.18,93,100,0.72
177,Baykit,RU,2022-01-27 03:40:16,61.67,96.37,-13.45,100,64,1.01
178,Javanrud,IR,2022-01-27 03:40:17,34.7961,46.5172,40.64,86,92,9.44
179,Wanning,CN,2022-01-27 03:40:17,18.8003,110.3967,76.03,78,53,8.32
180,Humaita,BR,2022-01-27 03:40:18,-7.5061,-63.0208,73.17,94,100,2.39
181,Sringeri,IN,2022-01-27 03:40:18,13.4167,75.25,68.9,52,3,3.69
182,San Quintin,MX,2022-01-27 03:40:18,30.4833,-115.95,57.72,70,95,7.02
183,Port Elizabeth,ZA,2022-01-27 03:40:19,-33.918,25.5701,66.49,94,100,8.05
184,Kargopol,RU,2022-01-27 03:40:19,61.5071,38.9456,9.23,95,100,6.15
185,Mandan,US,2022-01-27 03:40:20,46.8267,-100.8896,32.04,79,75,16.11
186,Jamestown,US,2022-01-27 03:38:08,42.097,-79.2353,8.19,85,0,6.91
187,Saint-Pierre,RE,2022-01-27 03:36:05,-21.3393,55.4781,73.18,56,15,9.22
188,Grindavik,IS,2022-01-27 03:40:20,63.8424,-22.4338,30.67,93,0,10.36
189,La Ronge,CA,2022-01-27 03:40:21,55.1001,-105.2842,5.22,72,20,6.91
190,Krasnoselkup,RU,2022-01-27 03:37:07,65.7,82.4667,-3.69,97,100,17.52
191,Ilulissat,GL,2022-01-27 03:40:22,69.2167,-51.1,12.22,57,100,23.02
192,Fontem,CM,2022-01-27 03:40:22,5.4685,9.8818,64.67,56,7,2.98
193,Salalah,OM,2022-01-27 03:38:51,17.0151,54.0924,66.29,72,20,3.44
194,Umm Kaddadah,SD,2022-01-27 03:40:23,13.6017,26.6876,53.64,27,73,22.35
195,Katobu,ID,2022-01-27 03:40:23,-4.9408,122.5276,89.58,54,100,5.64
196,Waddan,LY,2022-01-27 03:40:24,29.1614,16.139,40.82,70,5,2.44
197,Flin Flon,CA,2022-01-27 03:37:56,54.7682,-101.865,-6.43,84,21,11.43
198,Plouzane,FR,2022-01-27 03:40:25,48.3833,-4.6167,37.58,93,75,8.05
199,Tacuarembo,UY,2022-01-27 03:40:25,-31.7333,-55.9833,70.47,90,97,13.71
200,Leeton,AU,2022-01-27 03:40:25,-34.5667,146.4,89.89,45,40,12.66
201,Narsaq,GL,2022-01-27 03:40:26,60.9167,-46.05,23.22,69,99,17.65
202,Tabas,IR,2022-01-27 03:40:26,33.5959,56.9244,48.85,36,7,5.3
203,Buala,SB,2022-01-27 03:40:27,-8.145,159.5921,82.76,75,100,6.6
204,Kargil,IN,2022-01-27 03:36:14,34.5667,76.1,-9.99,95,99,0.81
205,Isla Mujeres,MX,2022-01-27 03:35:31,21.2311,-86.731,73.45,86,5,7.78
206,Santa Maria,BR,2022-01-27 03:40:28,-29.6842,-53.8069,76.3,94,0,3.44
207,Rawson,AR,2022-01-27 03:37:22,-43.3002,-65.1023,61.23,58,0,10.07
208,Tuatapere,NZ,2022-01-27 03:40:28,-46.1333,167.6833,57.81,50,26,7.94
209,Arlit,NE,2022-01-27 03:40:29,18.7369,7.3853,55.35,29,12,7.23
210,Weligama,LK,2022-01-27 03:40:29,5.9667,80.4167,79.65,68,100,3.36
211,Lakselv,NO,2022-01-27 03:40:30,70.0513,24.9718,17.42,73,75,18.41
212,Severo-Kurilsk,RU,2022-01-27 03:35:49,50.6789,156.125,25.83,67,88,28.79
213,Fairbanks,US,2022-01-27 03:38:11,64.8378,-147.7164,-7.64,77,0,0.0
214,Makakilo City,US,2022-01-27 03:40:31,21.3469,-158.0858,77.32,56,0,9.22
215,Villa Carlos Paz,AR,2022-01-27 03:40:31,-31.4241,-64.4978,70.25,98,100,7.43
216,Camacha,PT,2022-01-27 03:40:31,33.0833,-16.3333,55.53,72,75,9.22
217,Mitsamiouli,KM,2022-01-27 03:40:32,-11.3847,43.2844,79.09,78,75,8.05
218,Pontal,BR,2022-01-27 03:38:59,-21.0225,-48.0372,73.67,96,47,3.69
219,Cherskiy,RU,2022-01-27 03:40:33,68.75,161.3,-43.33,99,36,3.96
220,Concordia,AR,2022-01-27 03:40:33,-31.393,-58.0209,74.79,86,52,8.99
221,Naze,JP,2022-01-27 03:40:34,28.3667,129.4833,65.32,73,92,4.09
222,Nizwa,OM,2022-01-27 03:40:34,22.9333,57.5333,64.47,44,0,1.12
223,Todos Santos,MX,2022-01-27 03:40:35,23.45,-110.2167,70.66,53,2,3.85
224,Tiksi,RU,2022-01-27 03:40:35,71.6872,128.8694,-0.15,87,64,15.46
225,Ust-Maya,RU,2022-01-27 03:40:35,60.4167,134.5333,-19.66,92,93,2.64
226,Kavaratti,IN,2022-01-27 03:40:36,10.5669,72.642,77.58,66,91,10.92
227,Jalu,LY,2022-01-27 03:40:36,29.0331,21.5482,49.96,65,81,6.89
228,Emerald,AU,2022-01-27 03:38:33,-23.5333,148.1667,93.34,38,75,10.36
229,Bradford,GB,2022-01-27 03:40:37,53.7939,-1.7521,50.79,72,100,18.52
230,Ha Giang,VN,2022-01-27 03:40:37,22.8333,104.9833,74.25,79,78,4.34
231,Constantine,DZ,2022-01-27 03:40:38,36.365,6.6147,31.41,86,0,2.3
232,Nalut,LY,2022-01-27 03:38:42,30.3333,10.85,37.62,53,97,8.86
233,Sai Buri,TH,2022-01-27 03:40:38,6.7013,101.6168,83.91,66,73,11.5
234,Champerico,GT,2022-01-27 03:39:28,14.3,-91.9167,78.04,74,6,4.23
235,Gigmoto,PH,2022-01-27 03:36:59,13.7796,124.39,82.94,74,100,9.93
236,Barra,BR,2022-01-27 03:40:39,-11.0894,-43.1417,71.76,84,100,3.0
237,Malartic,CA,2022-01-27 03:40:40,48.1335,-78.1328,5.02,82,98,15.55
238,Ancud,CL,2022-01-27 03:40:40,-41.8697,-73.8203,56.73,76,0,1.03
239,Muroto,JP,2022-01-27 03:40:41,33.2833,134.15,55.44,58,65,4.94
240,Grand Gaube,MU,2022-01-27 03:40:41,-20.0064,57.6608,80.38,60,17,5.01
241,Acapulco,MX,2022-01-27 03:36:00,16.8634,-99.8901,78.62,83,20,3.44
242,Suluq,LY,2022-01-27 03:40:42,31.6682,20.2521,50.94,70,98,9.69
243,Clyde River,CA,2022-01-27 03:40:42,70.4692,-68.5914,-9.17,84,100,23.02
244,New Iberia,US,2022-01-27 03:40:43,30.0035,-91.8187,42.76,75,0,8.05
245,Lasa,IT,2022-01-27 03:40:43,46.6166,10.7002,45.86,50,77,6.26
246,Pithoragarh,IN,2022-01-27 03:40:44,29.5833,80.2167,40.55,74,10,1.61
247,Necochea,AR,2022-01-27 03:40:44,-38.5473,-58.7368,62.04,58,0,13.67
248,Norrtalje,SE,2022-01-27 03:40:44,59.758,18.705,36.23,93,98,7.96
249,Marsa Matruh,EG,2022-01-27 03:40:45,31.3525,27.2453,44.8,81,75,11.5
250,Sao Joao Da Barra,BR,2022-01-27 03:40:45,-21.6403,-41.0511,74.91,86,4,18.05
251,Nome,US,2022-01-27 03:40:45,64.5011,-165.4064,-18.33,76,0,0.0
252,Batiano,PH,2022-01-27 03:40:46,7.5534,126.4907,80.78,82,76,4.36
253,Isangel,VU,2022-01-27 03:40:46,-19.55,169.2667,86.11,84,100,2.3
254,Saint-Georges,GD,2022-01-27 03:40:13,12.0564,-61.7485,76.68,83,40,9.22
255,Shelburne,CA,2022-01-27 03:40:47,44.0787,-80.2041,9.05,79,51,12.82
256,Kenai,US,2022-01-27 03:40:47,60.5544,-151.2583,25.14,74,100,11.5
257,Pangody,RU,2022-01-27 03:40:48,65.85,74.4859,-1.1,98,100,9.33
258,Dikson,RU,2022-01-27 03:40:48,73.5069,80.5464,11.61,92,100,27.72
259,Vardo,NO,2022-01-27 03:40:49,70.3705,31.1107,14.2,73,100,12.33
260,Kununurra,AU,2022-01-27 03:36:12,-15.7667,128.7333,91.38,62,40,14.97
261,Sawakin,SD,2022-01-27 03:40:49,19.1059,37.3321,68.72,55,84,16.46
262,Havoysund,NO,2022-01-27 03:39:09,70.9963,24.6622,27.48,76,100,5.95
263,Sabha,LY,2022-01-27 03:40:50,27.0377,14.4283,38.75,56,6,8.37
264,Hondo,JP,2022-01-27 03:40:50,32.45,130.2,48.15,58,98,5.53
265,Provideniya,RU,2022-01-27 03:40:39,64.3833,-173.3,-3.64,71,75,4.47
266,Buenos Aires,AR,2022-01-27 03:40:42,-34.6132,-58.3772,62.96,70,0,11.5
267,Lompoc,US,2022-01-27 03:40:51,34.6391,-120.4579,56.12,88,0,0.0
268,Chemax,MX,2022-01-27 03:40:51,20.65,-87.9333,69.12,99,31,3.36
269,Vannes,FR,2022-01-27 03:40:52,47.8333,-2.5,36.86,94,0,2.68
270,Sibut,CF,2022-01-27 03:40:52,5.718,19.0739,69.94,28,100,4.76
271,Dinar,TR,2022-01-27 03:40:53,38.065,30.1656,17.56,95,16,3.87
272,Berlevag,NO,2022-01-27 03:38:03,70.8578,29.0864,24.94,80,100,13.02
273,Harper,LR,2022-01-27 03:40:53,4.375,-7.7169,78.39,82,16,5.88
274,Russell,US,2022-01-27 03:40:54,32.3502,-85.1999,45.68,41,0,6.91
275,Koboko,UG,2022-01-27 03:40:54,3.4136,30.9599,67.84,36,90,2.17
276,Caravelas,BR,2022-01-27 03:39:13,-17.7125,-39.2481,74.03,93,67,3.38
277,Steamboat Springs,US,2022-01-27 03:40:55,40.485,-106.8317,22.5,72,100,0.0
278,Phibun Mangsahan,TH,2022-01-27 03:40:56,15.2447,105.2291,84.18,32,26,4.97
279,Pandan,PH,2022-01-27 03:40:56,14.0453,124.1694,82.94,75,91,9.46
280,Broken Hill,AU,2022-01-27 03:40:57,-31.95,141.4333,98.31,23,40,10.36
281,Kutum,SD,2022-01-27 03:40:57,14.2,24.6667,47.82,32,100,12.24
282,Serenje,ZM,2022-01-27 03:40:58,-13.2325,30.2352,59.9,99,100,5.32
283,Makokou,GA,2022-01-27 03:40:58,0.5738,12.8642,69.93,93,82,1.97
284,Poum,NC,2022-01-27 03:40:58,-20.2333,164.0167,81.54,75,25,12.5
285,Avenal,US,2022-01-27 03:40:59,36.0041,-120.129,54.54,38,0,0.98
286,Arraial Do Cabo,BR,2022-01-27 03:40:59,-22.9661,-42.0278,75.09,86,10,22.08
287,Owando,CG,2022-01-27 03:41:00,-0.4819,15.8999,69.78,86,32,2.84
288,Saldanha,ZA,2022-01-27 03:41:00,-33.0117,17.9442,59.05,92,0,11.65
289,Sao Filipe,CV,2022-01-27 03:41:00,14.8961,-24.4956,73.67,72,94,13.56
290,Brainerd,US,2022-01-27 03:41:01,46.358,-94.2008,34.05,74,100,11.5
291,Guerrero Negro,MX,2022-01-27 03:41:01,27.9769,-114.0611,62.28,57,100,5.95
292,Klaksvik,FO,2022-01-27 03:41:02,62.2266,-6.589,36.52,69,100,29.19
293,Tura,IN,2022-01-27 03:41:02,25.5198,90.2201,63.34,66,45,4.65
294,Abu Samrah,SY,2022-01-27 03:41:03,35.3029,37.1841,38.37,90,100,12.19
295,Nishihara,JP,2022-01-27 03:36:56,26.1842,127.7558,73.45,64,75,9.22
296,Chara,RU,2022-01-27 03:41:03,56.9064,118.2631,-10.07,93,41,1.23
297,Hirara,JP,2022-01-27 03:41:04,24.8,125.2833,76.86,64,20,14.97
298,San Jose,US,2022-01-27 03:40:38,37.3394,-121.895,56.98,73,0,0.0
299,Bilibino,RU,2022-01-27 03:41:04,68.0546,166.4372,-28.3,95,54,2.8
300,Salinopolis,BR,2022-01-27 03:41:05,-0.6136,-47.3561,78.84,84,100,6.44
301,Coihaique,CL,2022-01-27 03:41:05,-45.5752,-72.0662,56.01,66,0,0.98
302,La Crosse,US,2022-01-27 03:41:05,43.8014,-91.2396,19.31,68,0,14.97
303,Troutdale,US,2022-01-27 03:41:06,45.5393,-122.3873,40.6,74,0,18.01
304,Homer,US,2022-01-27 03:41:06,59.6425,-151.5483,28.27,85,100,8.05
305,Toccoa,US,2022-01-27 03:41:07,34.5773,-83.3324,41.56,66,100,0.0
306,Pangoa,PE,2022-01-27 03:41:07,-12.1167,-73.0,67.98,99,100,2.08
307,Zhaoyang,CN,2022-01-27 03:41:08,42.682,126.0305,12.49,80,17,3.65
308,Port-Gentil,GA,2022-01-27 03:41:08,-0.7193,8.7815,80.1,80,100,10.45
309,Bullhead City,US,2022-01-27 03:39:51,35.1478,-114.5683,57.81,26,0,11.5
310,Carutapera,BR,2022-01-27 03:41:08,-1.195,-46.02,74.82,94,100,4.03
311,Kavieng,PG,2022-01-27 03:41:09,-2.5744,150.7967,83.91,74,79,7.78
312,Crotone,IT,2022-01-27 03:41:09,39.0851,17.1178,45.7,67,0,4.23
313,Vicente Guerrero,MX,2022-01-27 03:41:10,19.1194,-98.1708,53.58,64,1,4.14
314,Suez,EG,2022-01-27 03:41:10,29.9737,32.5263,44.29,71,12,8.03
315,Lamu,KE,2022-01-27 03:41:10,-2.2717,40.902,77.22,79,3,9.66
316,Joshimath,IN,2022-01-27 03:41:11,30.5667,79.5667,38.46,41,10,1.43
317,Touros,BR,2022-01-27 03:36:55,-5.1989,-35.4608,77.9,79,100,10.0
318,Nicoya,CR,2022-01-27 03:41:11,10.1483,-85.452,76.55,76,72,8.32
319,Olafsvik,IS,2022-01-27 03:41:12,64.8945,-23.7142,34.3,61,100,6.85
320,Lata,PT,2022-01-27 03:41:12,40.1629,-8.3327,46.81,77,63,5.44
321,Karymskoye,RU,2022-01-27 03:41:13,51.6167,114.35,0.32,83,45,3.38
322,Longyearbyen,SJ,2022-01-27 03:41:13,78.2186,15.6401,8.44,66,75,2.3
323,Dingle,PH,2022-01-27 03:41:14,10.9995,122.6711,85.86,70,95,10.13
324,Rapu-Rapu,PH,2022-01-27 03:41:14,13.1866,124.1256,80.51,84,94,12.33
325,Severnoye,RU,2022-01-27 03:41:15,56.3491,78.3619,-9.92,100,100,5.06
326,Axim,GH,2022-01-27 03:41:15,4.8699,-2.2405,77.61,87,2,1.97
327,Santa Lucia,ES,2022-01-27 03:41:15,27.9117,-15.5407,52.92,77,40,11.5
328,Ous,RU,2022-01-27 03:41:16,60.9058,61.5186,5.85,96,100,3.2
329,Bilma,NE,2022-01-27 03:41:16,18.6853,12.9164,50.13,42,7,8.57
330,Miri,MY,2022-01-27 03:38:29,4.4148,114.0089,80.74,89,40,4.61
331,Fallon,US,2022-01-27 03:37:06,39.4735,-118.7774,33.28,64,0,6.91
332,Bac Lieu,VN,2022-01-27 03:41:17,9.285,105.7244,83.01,66,95,8.93
333,Ust-Kut,RU,2022-01-27 03:41:17,56.7938,105.7672,1.58,94,93,1.34
334,Burnie,AU,2022-01-27 03:41:18,-41.0667,145.9167,67.91,98,100,11.27
335,La Macarena,CO,2022-01-27 03:41:18,2.1837,-73.7849,76.55,71,100,1.39
336,Katherine,AU,2022-01-27 03:36:40,-14.4667,132.2667,80.92,83,99,11.5
337,Wahpeton,US,2022-01-27 03:41:19,46.2652,-96.6059,35.82,80,100,24.16
338,Airai,TL,2022-01-27 03:41:19,-8.9266,125.4092,73.27,63,87,5.66
339,Luderitz,NA,2022-01-27 03:41:20,-26.6481,15.1594,66.94,75,3,19.55
340,Dakar,SN,2022-01-27 03:40:48,14.6937,-17.4441,71.73,83,99,13.8
341,Yumen,CN,2022-01-27 03:41:20,40.2833,97.2,24.87,35,90,10.0
342,Parakou,BJ,2022-01-27 03:41:21,9.3372,2.6303,68.25,21,0,2.75
343,Khed Brahma,IN,2022-01-27 03:41:21,24.0333,73.05,61.65,33,0,5.61
344,Svetlaya,RU,2022-01-27 03:41:21,46.5389,138.3297,20.34,58,38,4.79
345,Coquimbo,CL,2022-01-27 03:41:22,-29.9533,-71.3436,60.53,82,0,3.44
346,Taua,BR,2022-01-27 03:41:22,-5.9667,-40.3,70.77,87,100,6.26
347,Maniitsoq,GL,2022-01-27 03:41:23,65.4167,-52.9,14.38,91,100,7.07
348,Cairns,AU,2022-01-27 03:41:23,-16.9167,145.7667,85.95,70,100,5.75
349,Dudinka,RU,2022-01-27 03:41:23,69.4058,86.1778,1.62,95,100,24.83
350,Aykhal,RU,2022-01-27 03:41:24,66.0,111.5,-3.84,80,74,7.96
351,Chor,PK,2022-01-27 03:41:24,25.5167,69.7667,62.56,16,0,5.39
352,San Ignacio,BZ,2022-01-27 03:41:25,17.1561,-89.0714,71.74,100,20,0.0
353,Port Blair,IN,2022-01-27 03:41:25,11.6667,92.75,82.44,69,40,10.36
354,Mikumi,TZ,2022-01-27 03:41:25,-7.4041,36.9831,70.12,97,100,3.47
355,Sabzevar,IR,2022-01-27 03:41:26,36.2126,57.6819,36.68,65,40,9.22
356,Vila Franca Do Campo,PT,2022-01-27 03:36:53,37.7167,-25.4333,58.19,80,18,8.61
357,Marawi,PH,2022-01-27 03:37:01,7.9986,124.2928,73.65,69,66,2.39
358,Omboue,GA,2022-01-27 03:41:27,-1.5746,9.2618,76.95,88,95,6.44
359,Bafia,CM,2022-01-27 03:41:27,4.75,11.2333,63.12,67,100,0.92
360,Graaff-Reinet,ZA,2022-01-27 03:41:28,-32.2522,24.5308,63.91,91,36,1.54
361,Salinas,US,2022-01-27 03:38:58,36.6777,-121.6555,55.98,78,0,4.61
362,Saint-Paul,RE,2022-01-27 03:41:28,-21.0096,55.2707,77.09,62,3,3.27
363,Inta,RU,2022-01-27 03:41:29,66.0317,60.1659,7.36,98,97,5.12
364,Petropavlovskaya,RU,2022-01-27 03:41:29,45.0819,40.4512,25.97,98,100,3.6
365,Acheng,CN,2022-01-27 03:41:30,45.5454,126.977,4.93,89,100,5.5
366,Afua,BR,2022-01-27 03:38:09,-0.1567,-50.3867,73.81,94,91,3.6
367,Kaoma,ZM,2022-01-27 03:41:30,-14.7833,24.8,62.8,98,100,6.38
368,Miyang,CN,2022-01-27 03:41:31,24.4042,103.4428,59.27,80,85,8.1
369,Castanos,MX,2022-01-27 03:41:31,26.7833,-101.4167,50.34,87,85,2.98
370,Farafangana,MG,2022-01-27 03:41:31,-22.8167,47.8333,74.19,81,96,6.17
371,Medyn,RU,2022-01-27 03:41:32,54.9692,35.8586,15.73,100,100,3.6
372,Lufilufi,WS,2022-01-27 03:41:32,-13.8745,-171.5986,82.18,78,29,13.78
373,General Cepeda,MX,2022-01-27 03:41:33,25.3833,-101.45,44.01,80,14,4.47
374,Codrington,AU,2022-01-27 03:38:42,-38.2667,141.9667,74.39,89,50,10.36
375,Okhotsk,RU,2022-01-27 03:41:33,59.3833,143.3,-2.18,77,100,17.36
376,Lucapa,AO,2022-01-27 03:41:34,-8.4192,20.7447,63.46,96,100,2.33
377,Garowe,SO,2022-01-27 03:41:34,8.4054,48.4845,61.63,79,76,7.58
378,Port Hawkesbury,CA,2022-01-27 03:41:35,45.6169,-61.3485,20.79,88,100,7.0
379,Fort Nelson,CA,2022-01-27 03:41:24,58.8053,-122.7002,24.39,93,100,0.0
380,Katsuura,JP,2022-01-27 03:36:51,35.1333,140.3,53.19,58,100,11.01
381,Tabou,CI,2022-01-27 03:41:35,4.423,-7.3528,78.17,82,13,4.94
382,Akdepe,TM,2022-01-27 03:41:36,42.0551,59.3788,19.49,75,3,11.1
383,Mastic,US,2022-01-27 03:41:36,40.802,-72.8409,21.97,50,0,5.75
384,Broome,US,2022-01-27 03:36:58,42.2506,-75.833,7.54,78,11,1.01
385,Mackenzie,CA,2022-01-27 03:37:13,55.2999,-123.1698,17.82,93,75,2.3
386,Cocorit,MX,2022-01-27 03:41:37,27.5833,-109.9667,61.5,47,88,5.59
387,Ende,ID,2022-01-27 03:41:37,-8.8432,121.6623,84.52,78,99,4.68
388,Lagos,NG,2022-01-27 03:39:25,6.5833,3.75,75.52,96,17,1.68
389,Smithers,CA,2022-01-27 03:41:38,54.7804,-127.1743,25.12,93,75,3.44
390,Aloleng,PH,2022-01-27 03:41:38,16.1307,119.7824,86.79,61,75,7.81
391,Warud,IN,2022-01-27 03:41:39,21.4667,78.2667,61.25,37,0,5.77
392,Soure,BR,2022-01-27 03:41:39,-0.7167,-48.5233,76.78,88,100,5.57
393,Basco,PH,2022-01-27 03:41:40,20.4487,121.9702,75.11,84,100,22.06
394,Fremont,US,2022-01-27 03:37:03,37.5483,-121.9886,57.04,78,0,1.99
395,Akcaabat,TR,2022-01-27 03:37:04,41.0212,39.5715,37.27,93,75,9.22
396,Clarksburg,US,2022-01-27 03:41:18,39.2807,-80.3445,11.08,82,0,0.0
397,Leh,IN,2022-01-27 03:39:20,34.1667,77.5833,-2.52,86,99,2.86
398,Ucluelet,CA,2022-01-27 03:38:44,48.9329,-125.5528,41.92,78,49,4.34
399,Mareeba,AU,2022-01-27 03:41:41,-17.0,145.4333,81.32,90,98,1.99
400,Kaka,TM,2022-01-27 03:41:41,37.3482,59.6143,46.99,34,47,5.06
401,Nangomba,TZ,2022-01-27 03:41:42,-10.9,38.5,70.92,93,100,2.24
402,Leshukonskoye,RU,2022-01-27 03:41:42,64.8989,45.7622,-2.94,100,97,4.79
403,Amapa,BR,2022-01-27 03:41:43,1.0,-52.0,70.14,99,71,1.32
404,Husavik,IS,2022-01-27 03:37:32,66.0449,-17.3389,31.91,77,100,3.98
405,Carauari,BR,2022-01-27 03:41:44,-4.8828,-66.8958,72.54,99,92,1.9
406,Kijang,KR,2022-01-27 03:41:44,35.2442,129.2139,46.13,31,14,1.66
407,Chokurdakh,RU,2022-01-27 03:41:44,70.6333,147.9167,-27.09,95,33,12.59
408,Biltine,TD,2022-01-27 03:41:45,14.5333,20.9167,60.15,24,27,20.56
409,San Policarpo,PH,2022-01-27 03:41:45,12.1791,125.5072,82.24,74,60,14.16
410,Urengoy,RU,2022-01-27 03:41:46,65.9667,78.3667,-3.28,98,100,10.51
411,San Cristobal,VE,2022-01-27 03:38:10,7.7669,-72.225,71.78,88,95,1.41
412,Alice Springs,AU,2022-01-27 03:41:46,-23.7,133.8833,90.95,46,32,6.91
413,Samarai,PG,2022-01-27 03:41:47,-10.6167,150.6667,83.86,75,100,2.51
414,Zahir Pir,PK,2022-01-27 03:41:47,28.8124,70.524,59.95,21,0,3.31
415,Las Guacamayas,MX,2022-01-27 03:41:47,18.0167,-102.2167,73.49,79,44,1.45
416,Komsomolskiy,UZ,2022-01-27 03:41:48,40.4272,71.7189,31.42,74,0,4.61
417,Praya,CV,2022-01-27 03:41:48,14.9215,-23.5087,70.34,78,75,25.32
418,Kaspiyskiy,RU,2022-01-27 03:41:49,45.3929,47.3707,30.06,93,100,9.26
419,Tongliao,CN,2022-01-27 03:37:44,43.6125,122.2653,14.07,73,3,8.97
420,Ijuin,JP,2022-01-27 03:41:49,31.6167,130.4,51.91,70,100,5.1
421,Shelton,US,2022-01-27 03:41:50,41.3165,-73.0932,22.01,53,0,1.01
422,Dauphin,CA,2022-01-27 03:37:32,51.1494,-100.0502,17.74,93,100,20.71
423,Jelenia Gora,PL,2022-01-27 03:41:50,50.8997,15.729,34.54,92,100,8.05
424,Ormara,PK,2022-01-27 03:41:51,25.2088,64.6357,65.77,38,0,3.58
425,Altamira,BR,2022-01-27 03:38:43,-3.2033,-52.2064,71.19,95,100,1.66
426,Abnub,EG,2022-01-27 03:41:52,27.2696,31.1511,39.42,63,0,7.29
427,San Andres,CO,2022-01-27 03:41:52,12.5847,-81.7006,80.62,69,75,9.22
428,Abatskoye,RU,2022-01-27 03:41:52,56.2875,70.4555,2.89,91,100,7.67
429,Gobabis,NA,2022-01-27 03:41:53,-22.45,18.9667,69.19,56,63,8.12
430,Sola,VU,2022-01-27 03:41:53,-13.8833,167.55,88.47,74,40,5.75
431,Zhigansk,RU,2022-01-27 03:41:54,66.7697,123.3711,-19.35,100,68,6.71
432,Oranjemund,NA,2022-01-27 03:40:33,-28.55,16.4333,63.52,87,91,15.17
433,Belmonte,BR,2022-01-27 03:41:54,-15.8631,-38.8828,73.9,86,99,5.1
434,Valparaiso,CL,2022-01-27 03:41:55,-33.0393,-71.6273,59.92,82,0,1.14
435,Tevaitoa,PF,2022-01-27 03:41:55,-16.7833,-151.5,80.91,78,16,18.59
436,Nemuro,JP,2022-01-27 03:41:55,43.3236,145.575,27.03,88,100,17.34
437,Shimoda,JP,2022-01-27 03:41:56,34.6667,138.95,55.51,68,100,7.81
438,Inhambane,MZ,2022-01-27 03:38:51,-23.865,35.3833,78.21,85,87,9.1
439,Yen Bai,VN,2022-01-27 03:41:57,21.7,104.8667,75.72,76,85,3.22
440,Sortavala,RU,2022-01-27 03:41:57,61.7053,30.6918,25.18,96,100,10.54
441,Conway,US,2022-01-27 03:38:35,35.0887,-92.4421,31.37,50,97,3.0
442,San Luis,AR,2022-01-27 03:41:58,-33.295,-66.3356,68.22,80,80,26.06
443,Ugoofaaru,MV,2022-01-27 03:41:58,5.6667,73.0,79.09,61,100,9.37
444,Wichita,US,2022-01-27 03:41:21,37.6922,-97.3375,31.01,77,100,5.99
445,Egvekinot,RU,2022-01-27 03:42:00,66.3167,-179.1667,-10.93,96,100,1.97
446,Porto Santo,PT,2022-01-27 03:42:00,33.072,-16.3415,58.3,72,75,9.22
447,Forest Hills,US,2022-01-27 03:42:01,42.9595,-85.4898,12.69,61,40,1.99
448,Gorontalo,ID,2022-01-27 03:42:02,0.5412,123.0595,89.76,58,82,3.8
449,Puerto Penasco,MX,2022-01-27 03:42:02,31.3167,-113.5333,59.92,64,98,10.98
450,Kirsanov,RU,2022-01-27 03:42:04,52.6549,42.7224,-5.71,100,100,4.34
451,Starkville,US,2022-01-27 03:39:41,33.4504,-88.8184,33.24,55,1,5.12
452,Mocuba,MZ,2022-01-27 03:42:05,-16.8392,36.9856,72.91,92,100,4.29
453,Cooma,AU,2022-01-27 03:39:07,-36.2333,149.1333,78.57,41,68,14.97
454,Presidencia Roque Saenz Pena,AR,2022-01-27 03:42:08,-26.7852,-60.4388,78.93,69,49,5.77
455,Denia,ES,2022-01-27 03:42:08,38.8408,0.1057,46.54,87,6,1.99
456,Constitucion,CL,2022-01-27 03:38:45,-35.3333,-72.4167,56.75,93,7,4.29
457,Half Moon Bay,US,2022-01-27 03:42:09,37.4636,-122.4286,57.02,76,0,3.44
458,Linxia,CN,2022-01-27 03:42:10,35.6003,103.2064,20.79,89,100,5.08
459,Kindersley,CA,2022-01-27 03:42:11,51.4668,-109.1682,31.78,86,100,21.85
460,Cartagena,CO,2022-01-27 03:38:28,10.3997,-75.5144,78.42,78,0,5.75
461,Dabwali,IN,2022-01-27 03:42:11,29.95,74.7333,54.72,43,0,4.52
462,Ouesso,CG,2022-01-27 03:42:12,1.6136,16.0517,65.05,39,22,0.78
463,Cabedelo,BR,2022-01-27 03:42:12,-6.9811,-34.8339,75.87,82,87,9.95
464,Mizdah,LY,2022-01-27 03:42:14,31.4451,12.9801,38.39,77,11,2.28
465,Montpelier,US,2022-01-27 03:39:50,44.2601,-72.5754,-4.02,72,0,0.0
466,Khorixas,NA,2022-01-27 03:42:15,-20.3667,14.9667,74.88,56,92,2.55
467,Magaria,NE,2022-01-27 03:42:15,12.9983,8.9099,56.48,24,0,10.85
468,Dandong,CN,2022-01-27 03:42:16,40.1292,124.3947,28.04,31,5,13.33
469,Rapid City,US,2022-01-27 03:42:16,44.0805,-103.231,36.14,58,20,5.99
470,Cotonou,BJ,2022-01-27 03:42:17,6.3654,2.4183,75.18,78,0,1.14
471,Kruisfontein,ZA,2022-01-27 03:42:17,-34.0033,24.7314,63.88,95,57,3.11
472,Galesong,ID,2022-01-27 03:42:18,-5.3166,119.3661,87.82,71,100,9.53
473,Saint George,US,2022-01-27 03:42:18,37.1041,-113.5841,44.35,39,0,1.01
474,Cap-Aux-Meules,CA,2022-01-27 03:42:19,47.3821,-61.8597,14.05,73,100,17.27
475,Kajaani,FI,2022-01-27 03:42:19,64.2273,27.7285,24.85,93,100,4.61
476,Karlskoga,SE,2022-01-27 03:42:20,59.3267,14.5239,39.06,97,99,10.13
477,Krasnogorskiy,RU,2022-01-27 03:42:21,54.6025,61.231,12.47,90,100,11.59
478,Okha,RU,2022-01-27 03:42:21,53.5739,142.9478,-3.96,88,47,12.93
479,Nagato,JP,2022-01-27 03:42:22,34.3833,131.2,53.2,53,73,6.17
480,Teahupoo,PF,2022-01-27 03:42:22,-17.8333,-149.2667,78.76,78,45,16.06
481,Deloraine,AU,2022-01-27 03:42:23,-41.5333,146.6667,68.79,15,100,0.49
482,Jablanica,BA,2022-01-27 03:42:23,43.6603,17.7617,21.33,84,35,3.58
483,Sinnamary,GF,2022-01-27 03:42:24,5.3833,-52.95,74.52,90,21,5.46
484,Alzamay,RU,2022-01-27 03:42:24,55.5562,98.6644,8.56,89,100,2.1
485,Bunia,CD,2022-01-27 03:42:26,1.5667,30.25,65.93,46,100,2.51
486,Phan Thiet,VN,2022-01-27 03:38:23,10.9333,108.1,85.95,53,72,6.08
487,Puerto Escondido,MX,2022-01-27 03:42:27,15.85,-97.0667,79.63,73,20,0.0
488,Burgeo,CA,2022-01-27 03:42:27,47.6167,-57.6152,17.13,80,100,11.88
489,Tanushimaru,JP,2022-01-27 03:42:28,33.35,130.6833,57.11,47,84,4.18
490,Shitanjing,CN,2022-01-27 03:42:28,39.2342,106.3439,22.44,44,90,3.02
491,Jumla,NP,2022-01-27 03:38:04,29.2747,82.1838,36.9,41,3,1.28
492,Viedma,AR,2022-01-27 03:42:29,-40.8135,-62.9967,59.59,65,0,1.61
493,Rakai,UG,2022-01-27 03:42:30,-0.72,31.4839,60.66,78,94,3.44
494,Plaeng Yao,TH,2022-01-27 03:42:30,13.5847,101.284,90.75,92,14,1.03
495,Aberystwyth,GB,2022-01-27 03:41:26,52.4155,-4.0829,51.3,98,100,19.73
496,Buluang,PH,2022-01-27 03:42:31,13.3068,123.3425,84.72,73,90,3.0
497,Thunder Bay,CA,2022-01-27 03:42:32,48.4001,-89.3168,20.55,79,100,11.5
498,Chegdomyn,RU,2022-01-27 03:42:32,51.1167,133.0167,-2.06,89,99,2.01
499,Yenagoa,NG,2022-01-27 03:42:33,4.9247,6.2642,73.06,92,14,3.42
500,Kut Chap,TH,2022-01-27 03:42:34,17.4257,102.5669,87.76,33,3,4.14
501,Chenzhou,CN,2022-01-27 03:42:34,25.8,113.0333,42.17,94,100,5.39
502,Ajdabiya,LY,2022-01-27 03:42:35,30.7554,20.2263,52.16,65,100,5.53
503,Nyagan,RU,2022-01-27 03:42:35,62.1406,65.3936,0.77,98,96,3.74
504,Narasannapeta,IN,2022-01-27 03:42:36,18.4167,84.05,73.6,53,1,6.93
505,Rio Gallegos,AR,2022-01-27 03:42:36,-51.6226,-69.2181,57.25,54,0,13.8
506,Natal,BR,2022-01-27 03:42:36,-5.795,-35.2094,79.02,89,75,3.44
507,Yuzhne,UA,2022-01-27 03:42:37,46.6221,31.1013,19.62,73,100,6.82
508,Gornyy,RU,2022-01-27 03:42:37,55.1153,83.9059,-5.21,97,87,4.83
509,Barra Patuca,HN,2022-01-27 03:42:38,15.8,-84.2833,76.05,79,24,6.33
510,Trinidad,BO,2022-01-27 03:42:38,-14.8333,-64.9,75.96,88,100,4.81
511,Bulgan,MN,2022-01-27 03:42:38,48.8125,103.5347,2.75,75,6,1.32
512,Catuday,PH,2022-01-27 03:42:39,16.2923,119.8062,83.23,65,66,9.57
513,Saint-Joseph,RE,2022-01-27 03:42:39,-21.3667,55.6167,75.56,61,19,6.98
514,Venice,US,2022-01-27 03:38:21,27.0998,-82.4543,63.99,94,100,11.5
515,Phangnga,TH,2022-01-27 03:42:40,8.4509,98.5298,88.83,45,10,3.38
516,Svetlogorsk,BY,2022-01-27 03:42:40,52.6333,29.7333,17.73,96,98,7.78
517,Ostersund,SE,2022-01-27 03:42:41,63.1792,14.6357,30.65,86,75,8.05
518,Bereda,ES,2022-01-27 03:42:41,43.2686,-7.5406,39.15,100,28,1.77
519,Remedios,CU,2022-01-27 03:42:42,22.4947,-79.5458,68.92,81,0,3.13
520,Asau,RO,2022-01-27 03:37:52,46.4333,26.4,27.52,85,92,6.8
521,Le Havre,FR,2022-01-27 03:42:42,49.4938,0.1077,44.35,84,100,14.97
522,Durazno,UY,2022-01-27 03:42:43,-33.4131,-56.5006,64.83,83,100,19.73
523,Bima,ID,2022-01-27 03:42:43,-8.4667,118.7167,87.19,69,100,2.75
524,Itaituba,BR,2022-01-27 03:42:43,-4.2761,-55.9836,72.86,99,100,2.39
